{
  "versions": [
    {
      "bios": "2020-12-15_79d6fa7",
      "bios_me": false,
      "bios_set": false,
      "ec": "2020-12-15_79d6fa7",
      "me": "15.0.10.1447",
      "me_hap": false,
      "me_cr": false,
      "description": "Support variant with NVIDIA GPU"
    },
    {
      "bios": "2020-12-04_0e80285",
      "bios_me": false,
      "bios_set": false,
      "ec": "2020-12-04_0e80285",
      "me": "15.0.10.1447",
      "me_hap": false,
      "me_cr": false,
      "description": "Original firmware"
    }
  ]
}
